credit_score,income,dti,loan_amount,interest_rate,default_probability_true,default,industry_Finance,industry_Healthcare,industry_Manufacturing,industry_Retail,industry_Technology
709.802849180674,98154.43868829103,0.4679226523903202,34340.33291399965,0.059744651750768554,0.27776310659112546,0,False,False,True,False,False
671.704141929729,122735.41601175326,0.4109560419495322,18385.7714040576,0.07566443987853447,0.3145785106098455,0,False,False,False,False,False
718.8613122860415,40035.81065452147,0.30715564439042087,15181.613398932313,0.056227402370001164,0.1480187366111079,0,False,True,False,False,False
771.3817913844815,89074.23091726427,0.22236758667533113,24959.506511068575,0.0707611541108288,0.08738261091165414,0,False,True,False,False,False
665.9507975165999,58733.93577195432,0.38378679763363077,22957.784529700857,0.023191559991386435,0.2888679536570516,1,False,False,False,False,False
665.9517825830492,62821.86540588259,0.34721824625060993,19561.263408072697,0.08639881122118816,0.29179891737412095,0,False,False,True,False,False
774.7527689304435,60190.15189402827,0.40742318640332786,33356.64936948058,0.08003616426086672,0.1352524319462525,0,False,False,False,False,True
726.0460837491745,53400.230758004596,0.37622061620183633,36463.66250284613,0.055487341067954284,0.21605418889228323,0,False,False,False,False,False
651.8315368439029,76213.04069862068,0.4259463258383202,26060.882635502167,0.09977737005297216,0.4028729586113697,1,False,False,False,False,False
712.5536026151578,54226.24708972406,0.23577177461273183,42730.36097266314,0.10812710412879675,0.2167984979972427,0,False,False,False,False,False
652.1949384312522,81761.42064449597,0.4580872878761191,11299.73063039794,0.03177320406893078,0.3061003750700411,0,False,True,False,False,False
652.0562147857846,73744.04726377157,0.32371195256308793,22676.08648864338,0.05711825664301357,0.31795915138067643,0,False,False,False,True,False
694.517736293962,69026.29882833976,0.5490313047150318,16398.132152766342,0.056925729506381056,0.28133673941877396,0,False,False,False,False,True
565.2031853205322,52310.90844896005,0.21729746182925186,3000.0,0.051802906966734064,0.38381667909327283,0,False,False,True,False,False
576.504930049218,60580.716735791684,0.5083156563798299,24007.83176988761,0.10488424525795245,0.6249168565089068,0,False,False,True,False,False
646.2627482455416,93884.7806456439,0.3237492940155177,23539.029899400597,0.0741852158368159,0.3440475784543841,0,False,False,False,True,False
619.2301327799346,87522.92969060953,0.2218298395662662,43161.39691890557,0.07206455476068167,0.3799126268953735,0,False,False,False,False,False
698.8548399557164,50561.11888003622,0.2419336999134814,32569.74021465733,0.02,0.15472446678259782,0,False,False,False,False,True
625.5185554687273,77483.30763573064,0.2615583230166816,12709.75810804954,0.0990625409062768,0.3258524036433835,0,False,False,True,False,False
595.2617779198825,93784.67808429472,0.35089991356822997,47249.11079601026,0.04282224815439583,0.46147398024642583,0,True,False,False,False,False
767.9389261352933,33264.86797196571,0.36274025856425995,39652.40434630423,0.08179797890798986,0.15701330410303768,0,False,False,True,False,False
666.4534219708079,88584.00480949838,0.2311559995273705,31985.17244162339,0.08832130813874577,0.26858205421812614,1,False,False,False,False,False
684.0516922812755,58434.406026353834,0.29707744892868204,22282.19081380202,0.12081975787515953,0.23280458819097272,0,True,False,False,False,False
594.5151088271926,89264.96671482899,0.5570724430334236,13486.729159318245,0.04073538802642664,0.5633092467544405,0,False,False,False,True,False
647.3370365284891,55918.52108643708,0.5073051804120854,20533.518687147363,0.02,0.3452980295196753,1,False,False,False,False,True
686.655355382592,29877.947483387023,0.35235884036088383,38064.98343645023,0.08551548634261084,0.31035500199844607,0,False,False,False,True,False
610.9403853546619,34311.439052920934,0.304560417380184,47615.0356712153,0.13401533544532562,0.5200376508678368,0,False,False,False,True,False
702.5418811007403,76202.12366653455,0.31440375920619135,43518.92233926627,0.11716839058818312,0.23999352341950284,0,False,False,False,False,True
643.9616786048717,81493.06254303704,0.37362215672765,19133.80693856471,0.08628978245823878,0.31965581679205285,0,False,False,False,False,True
662.4983750124034,52392.084372389785,0.17726489217619132,11564.590800531865,0.06525091443103859,0.194595299729094,1,False,False,True,False,False
643.8976032662362,90964.81146943435,0.2691148155091986,26690.634962934448,0.10421367789911931,0.32373896716828,1,False,False,True,False,False
791.1366910705362,33461.998443276,0.09976991113468921,3778.7276132457805,0.050793614008865944,0.040241842740535126,0,False,False,False,False,True
679.190166515724,73348.00503381708,0.3479067747126335,28878.01257021738,0.09429073308068657,0.2629905908886388,0,True,False,False,False,False
616.537344262646,44724.59500593859,0.3776635127643289,23228.768964415976,0.0951641047749988,0.41254977430119627,0,False,True,False,False,False
729.3526947261913,58704.09730494602,0.24201762452407513,19407.561977581092,0.11180629722496639,0.15329497428090144,0,False,False,True,False,False
606.7493810017387,76184.96678291036,0.4888784115948039,5863.563192798455,0.16278980116733233,0.5129239342324088,1,False,True,False,False,False
692.5318157002853,53489.66586790119,0.15290812043971908,31163.201278836597,0.091772479015363,0.16299665250394862,0,True,False,False,False,False
562.4197925672134,65386.11139425437,0.1242750143748216,18607.58992405706,0.06473109122877505,0.3467759654431044,0,False,False,False,False,True
600.3088370660942,100157.32023036102,0.32693421822719665,10960.997971476543,0.07923277063424017,0.37321602565890916,0,True,False,False,False,False
691.8116741521474,60577.703261921284,0.4256517963134585,3000.0,0.026927722853326456,0.21531098043463182,1,False,False,True,False,False
724.3079947997246,95892.30280162854,0.5020713229749443,24669.821139392367,0.05915860606732826,0.26625098523659047,0,False,False,False,True,False
690.2820968713983,46757.32863355955,0.2449338884557272,46267.01916003693,0.06772152685660689,0.2100454501467456,1,False,False,False,False,True
673.0611030567055,88245.10444788207,0.42944170001175547,44935.11057457444,0.06427734806196223,0.3740634364428099,0,False,False,False,False,False
661.9337782646427,111039.21551644751,0.2953789836599151,19514.844920964737,0.08457064616101166,0.2531220624068703,0,False,True,False,False,False
591.2886805779543,20000.0,0.27928472400710164,17773.455275658634,0.055327402028533985,0.36564211928855384,0,True,False,False,False,False
636.8093474963175,55077.61861323808,0.40603919249840065,30625.291072900287,0.11363092001973414,0.3999076719961411,0,False,False,False,False,True
652.3616737424128,89426.8031795135,0.3782787454096103,13019.374729740503,0.08000621194754592,0.2915831473216974,0,True,False,False,False,False
743.4273335731349,69923.86534892519,0.11083294116189008,28621.502797833593,0.07972099036584121,0.08852227153615234,0,False,False,False,False,True
700.6170973741076,84278.64683428271,0.4771848419671075,34192.96334061628,0.07016315850461247,0.3077222281884169,0,False,False,True,False,False
574.217590678236,59900.37033210449,0.4656109624976942,39723.19868661169,0.08465572051576938,0.6278608326775748,0,False,False,True,False,False
699.4450381636877,77164.7446868225,0.22493247581885648,23798.151082240565,0.10475294794002904,0.19311756346428685,0,False,False,True,False,False
656.895063175021,71108.06911519801,0.3474964240124891,22555.91499787641,0.05398609352867299,0.27038065743301937,0,True,False,False,False,False
639.3846799816424,104194.55154149518,0.35928362235392863,14464.208958921268,0.0602565053277423,0.3384462064847193,0,False,False,False,False,False
716.7005773304521,81360.52108253032,0.33128085189886886,15077.43575152168,0.07088821913670006,0.1786729085385752,0,False,False,True,False,False
741.8599713497571,83440.06655188005,0.23396338153854956,22282.25329718168,0.03962387229580355,0.10047145681546138,0,False,False,False,False,True
735.8768071469719,64703.075846938314,0.21940519584743381,29408.38608179414,0.05542226420835507,0.13011929156293595,0,False,False,True,False,False
629.6469486066417,62809.84439818766,0.29693351148102654,35963.01551479899,0.06571337379366024,0.3899873407510727,1,False,False,False,True,False
661.4472574489271,64186.04530450948,0.44072748231112374,15361.852591835863,0.10623167542138182,0.35655677370152694,0,False,False,True,False,False
699.8758058842138,84861.30355945742,0.36523201855133186,42912.26282751426,0.08787683987005776,0.2548472538502154,0,True,False,False,False,False
738.5327076273416,64475.387979493426,0.2555262801496673,21746.516787489174,0.08580769734102633,0.145340594728736,0,False,False,False,False,False
651.2495457292827,82244.37142241032,0.39260384527780134,24743.592467818766,0.10552693886503917,0.397242244202586,1,False,False,False,True,False
668.860461400171,126885.01996613597,0.05,16033.45985022612,0.0758788463480181,0.1352128181202521,0,True,False,False,False,False
613.6199015596383,96778.11758579231,0.4378518840446524,3000.0,0.09171394549786668,0.39737194068005816,1,True,False,False,False,False
608.2276025551597,66849.41169580397,0.09123434654662804,35608.544756332594,0.07690334741202512,0.27940907672483206,0,True,False,False,False,False
728.7515493436518,105030.34805409862,0.2565070870316241,33842.1267651092,0.08796087048198885,0.14881267889512087,0,False,False,False,False,True
761.3744017142494,64798.115674461216,0.16563961264486274,21624.06931458144,0.06251724027165254,0.07756843774312573,0,True,False,False,False,False
675.67939270518,24046.886620553654,0.14463822291349132,25803.888606698463,0.02,0.14465423480639825,0,False,False,False,False,True
740.2119738735214,49797.842227064895,0.4392992144854223,31191.270612449192,0.07597162513441087,0.19091987434727758,0,True,False,False,False,False
701.698161502858,28230.201974353608,0.24387585584257304,6249.449717361488,0.12268244408299821,0.16427604515671007,0,False,True,False,False,False
641.2928147236926,66212.16289896729,0.34158046580768586,18651.36787184446,0.10778646206724776,0.37775127453860474,0,False,False,False,True,False
701.6837363305049,75460.4594797388,0.2943695305344979,34531.17615546192,0.10896192453773512,0.2211950045471093,1,False,True,False,False,False
772.2821939879582,116910.93280688206,0.35724489926677455,9948.526921969007,0.11708392165418653,0.11314887903182129,1,True,False,False,False,False
677.8504376534029,83173.18434410407,0.3092186269272306,28522.69518599955,0.08265972772884313,0.28449932240314485,1,False,False,False,True,False
773.8786193488404,69522.4867797784,0.14604093309737165,8721.01834451914,0.08591947122216788,0.07736385515632029,0,False,False,False,True,False
522.8152937546154,95735.13952958724,0.4195520183336568,30597.159789202316,0.0614704431369695,0.6923459957018808,0,False,False,False,False,False
729.3141502625134,20000.0,0.24074921002064248,24572.302212430197,0.07051781431918851,0.13193101528370244,0,False,True,False,False,False
685.2228240942903,80890.36395271415,0.11321017216082987,5618.418209133886,0.09847313449313425,0.15218065715686077,1,False,False,False,False,False
662.059558972048,94271.62984717418,0.24862618068409048,38976.87225348606,0.1161165331150645,0.3293973934716825,0,False,False,False,True,False
685.5056465921301,38035.34385550396,0.4800911748761173,16184.901078423412,0.07581661172957002,0.27577242736810975,1,False,False,False,False,True
560.7458651239465,103593.85108017323,0.40202660905361914,15276.970755827431,0.06649432205445766,0.5744084255523568,0,False,False,False,True,False
666.8196867297493,83462.41018736035,0.2581617438710569,27406.830366771315,0.08001583876569791,0.26723890496139324,1,False,False,False,False,False
701.4267542907048,64617.80215247997,0.25808907548178855,38783.64819314458,0.09803620246787345,0.20798740576021324,0,False,True,False,False,False
768.6736426844909,90819.54665265713,0.2614037938539141,12810.138172259236,0.03668435551599375,0.07762427192251173,0,True,False,False,False,False
648.9037869035811,131767.3214451099,0.5492097580273009,25740.15819817566,0.02,0.3825799602555921,1,True,False,False,False,False
631.4903838264088,79546.65637646239,0.3458322542677864,30145.798003966876,0.06348389451525249,0.3524211760000166,0,False,True,False,False,False
649.8945773849279,81205.5146575084,0.35160499766292835,33317.26728715773,0.043378627222575246,0.3022461317303443,1,True,False,False,False,False
734.9241270621244,63515.9775114939,0.42363401448382104,27117.298663326703,0.06475579407058067,0.18172322228403207,0,True,False,False,False,False
699.725066579581,53753.89076338021,0.3286546990831816,20595.66593100013,0.07556659043547585,0.22392161180763562,0,False,False,False,False,False
648.2143877739777,95758.39541360614,0.2689149425015156,15068.917352215363,0.0664025477293096,0.2478784009120948,1,False,True,False,False,False
710.7960459868013,53597.90435227832,0.2764380181098026,26033.7265965565,0.12357402603412236,0.20820059478371122,0,False,False,True,False,False
685.8246529608824,76789.1559304848,0.2914078488703123,12134.331856172717,0.0898023429380696,0.19170388413232828,0,False,False,False,False,True
738.1186994319734,63058.56383087208,0.295533331618819,3000.0,0.08901423078832485,0.114527039504104,0,False,False,False,False,True
637.8768143673589,86974.4956436598,0.3873155452364376,30238.717649892013,0.09866621432130206,0.3794005258652841,0,True,False,False,False,False
660.340271204134,83341.55263217371,0.3062335062968759,35847.218093034346,0.04583500646657693,0.2607947841461404,1,False,False,False,False,True
656.4735108120706,100938.49860644748,0.38791680926586947,3000.0,0.11117335362260806,0.2928829801661231,0,False,True,False,False,False
592.1891031120729,62249.59002863132,0.29031401038697013,12883.23154348075,0.0777270714039362,0.38128621353645686,1,False,True,False,False,False
697.7672166238746,68253.12661766572,0.3094362228379309,32429.851132062373,0.10011441851723638,0.2631927168373486,1,False,False,False,True,False
695.6633163307934,50530.90710544232,0.06021591785614708,49689.94563654038,0.04784428300879534,0.16580413217195691,0,False,False,False,True,False
680.3068073985477,63892.66849809721,0.40995932096429777,25249.524492104894,0.033387237019518075,0.24499014524100365,0,False,False,False,False,True
665.9247719974911,84432.5123261213,0.3415786171077591,16263.96470525039,0.10453668974075085,0.2933743780599814,0,False,False,True,False,False
595.0777554769752,93924.7154161338,0.41976121318315823,22805.24270674192,0.0912922857829255,0.5375677559089247,1,False,False,False,True,False
654.7612806340785,51945.86689555937,0.05,41498.51702977822,0.05293845336927469,0.2143649768341052,1,False,False,False,True,False
659.4371290083939,96740.14800264151,0.5506049645736872,17248.429850505578,0.05391010756175917,0.3696673246609943,0,False,True,False,False,False
631.8633638467029,108890.94647012377,0.2832492446213791,15409.695920196957,0.11376304353244308,0.3395894190455653,0,False,False,True,False,False
670.3228573000395,85335.87258059252,0.432981938008502,19207.07773381561,0.04431764321398017,0.2737358858502462,0,True,False,False,False,False
704.2430514088722,121919.89531395165,0.1752112887449363,13560.056700895451,0.1292801885976789,0.14418449094611555,0,False,False,False,False,True
793.1711540726318,55655.270022410674,0.37353286860750834,26472.043791937547,0.052981377960563944,0.11668387465426099,0,False,False,False,True,False
690.4746687699103,43883.632417214576,0.17359013241916127,44496.141501634724,0.0991517577682515,0.21783042558135332,0,False,False,True,False,False
695.4530234433659,30531.993777393036,0.22514772471650338,28876.95127739235,0.07014144572753046,0.19116359892213405,0,False,False,True,False,False
675.53324505403,112401.10778722957,0.5296837624640143,21971.75797448455,0.09809562293247029,0.3504370651398371,0,False,False,False,False,True
564.8737270820575,91359.14140885144,0.2771181119083984,21498.26477301347,0.06367657993657422,0.4750383677499119,0,False,False,True,False,False
678.409167473047,73610.38322723862,0.3260919447815667,6241.710295640115,0.07511621281783118,0.22598964518332082,0,False,False,True,False,False
683.6138125964616,81999.2156579955,0.40440812768265044,35597.31732576591,0.08122757526187163,0.3152987720122878,0,False,False,True,False,False
827.7945267491172,46862.77381754059,0.3594818265567125,24065.953635846374,0.04993437632655582,0.08026307243216985,0,False,False,False,True,False
668.4583421131326,136143.79949042067,0.3180502686172291,22834.241036912492,0.10222473036260377,0.2583731908383967,0,False,False,False,False,True
698.0928405400167,78230.52954938069,0.343795320295947,63317.29081413833,0.06460359300585244,0.3005970418964176,0,False,False,True,False,False
677.9172938176854,77734.86986512232,0.588409870228593,28585.034900388237,0.07314200253979944,0.41268616504075667,0,False,False,True,False,False
609.8793177428281,93144.1655974673,0.29308574435596974,15978.507398857788,0.050169518761744636,0.37618209482109294,0,False,False,False,True,False
748.5693688709013,87025.23079341782,0.3241318856057961,19883.70884553348,0.02,0.10750084237433788,1,False,False,False,False,True
725.1159819612064,80597.10060697829,0.4260785275209134,38781.34851036106,0.07426916712199493,0.22699763409212634,1,False,True,False,False,False
727.4619168225828,55238.1386138672,0.43266311195495805,26359.244926453175,0.15237846264838747,0.2845030115338919,0,False,False,False,True,False
625.4367527123156,86786.7089283999,0.4424436366672456,7740.664260191599,0.10353812863694072,0.38692950584628516,1,False,False,False,False,True
764.1676586561659,122050.61241187585,0.37664762664350215,36030.74721490244,0.07942218860796817,0.16090855353386238,0,False,False,True,False,False
595.8889362324632,108635.50115387444,0.16283941047234196,16982.27097353207,0.07211327512375197,0.29616477512320805,0,False,False,False,False,True
715.2114256280162,114829.66566598492,0.4960117838761315,47479.57331461055,0.08067397678436139,0.290024073176244,0,False,False,False,False,True
811.4273375485988,62219.60808922037,0.16243855283775743,37960.57678857578,0.0964135734552563,0.061842297508674045,0,True,False,False,False,False
620.5678204921587,50259.87949353548,0.33631625582868396,19632.137252094988,0.04457561554073466,0.3241336658720095,1,False,False,False,False,True
646.0221362238337,71855.32699750879,0.20948689799767703,40372.19634082135,0.11342965084006616,0.30100994695230254,0,False,True,False,False,False
685.9790819052585,76393.12280721737,0.2923033984088409,25814.26612632884,0.10146143946323732,0.21985606656015014,0,False,False,False,False,True
649.791460753028,102354.78796177372,0.33945148923641766,35233.284101466634,0.10154557177123803,0.3447231181186311,0,False,True,False,False,False
586.960194136032,32688.384257129517,0.3385628658540328,30816.793807533697,0.09315427216429183,0.503608931786611,0,False,False,True,False,False
684.1137784883616,113238.75798651534,0.35063049050823414,14843.720140109517,0.0805884997308197,0.22717028232882225,1,False,True,False,False,False
616.2617771764337,71049.80253552526,0.49364535228703765,17277.402012190458,0.1001858370790046,0.49870678796174134,0,False,False,True,False,False
708.4155458381109,64327.9732513145,0.3544241161816776,37359.52981097394,0.09775442401224134,0.2532720733517282,0,False,False,True,False,False
624.8345459459719,49697.39061849581,0.27070120376512213,20982.69601472151,0.0693787786717693,0.3092497433736149,0,False,True,False,False,False
772.9960643010523,33628.58320335575,0.4156904601946029,20156.21844109604,0.06279194681309297,0.14794676833877288,0,False,False,False,True,False
633.0048024598258,95579.26459904786,0.44273645867095685,13538.529047807764,0.0830556888578596,0.41613634700920743,1,False,False,False,False,False
660.6763090276595,76832.94917971009,0.1526870621835609,30083.188787121533,0.12647060454485562,0.2236012806205036,0,False,False,False,False,True
728.8110330421802,42750.97750647365,0.37168800838198296,49750.29903091774,0.042826787730382974,0.19577595793712183,0,True,False,False,False,False
606.1481410139627,42623.030698409595,0.3841407290773078,12189.605028948725,0.0359742420274268,0.4082243214116935,0,False,False,False,False,False
693.6475960762477,66605.3825177468,0.26429237959680096,25290.6334800731,0.08494282523709551,0.1872452419866804,0,False,False,False,False,True
758.4285652569457,116725.53813223483,0.46508481759739434,41946.64666498515,0.08152663105568055,0.18884581744443021,0,False,False,False,False,True
583.5510059263263,68510.21621590988,0.28199332955609674,24044.303305051417,0.08520024993111225,0.45400962415671486,1,False,False,True,False,False
691.0780315119382,37421.426172047344,0.3150691744165851,30428.46155499681,0.08731859593725501,0.22151369635622212,0,False,False,False,False,True
695.5929676549055,68856.4233978514,0.27923138108593565,12251.277662237444,0.07330393236095585,0.16862177451171856,0,True,False,False,False,False
726.9093723066386,68181.91075630825,0.3018694857097761,30139.68516649178,0.12469590315806246,0.1766900826549738,0,False,False,False,False,True
605.7829573473151,20000.0,0.16844698957257578,22754.268819945413,0.031972880645704534,0.27622780899166244,1,False,True,False,False,False
600.7726032149434,73642.62833705469,0.12719389408868467,36828.75994815835,0.05514508925659262,0.3416345824166099,1,False,False,False,False,False
711.3164939370139,69226.63674478306,0.49134060758699666,39248.63261877701,0.07690235719552858,0.28666844493398264,1,False,True,False,False,False
697.8190803939912,92405.15912033546,0.19836463820180064,56074.76370422336,0.030704335665374994,0.1810249778632704,0,True,False,False,False,False
695.0295710207527,121223.90237363362,0.18103291806524313,31955.598078562907,0.07472436786703787,0.1605711827424149,0,False,False,False,False,True
700.7868925698185,103164.12573869394,0.05,28909.555798986,0.12984410497184054,0.13190249650209834,0,True,False,False,False,False
639.1985167052906,68277.78273612924,0.2233245902772597,27332.611618928033,0.08062659464887885,0.2955732227642305,0,False,False,True,False,False
693.9352218296602,47336.85228145825,0.14122922479110017,20762.00448627174,0.0869210271715605,0.14580417332594253,0,False,True,False,False,False
697.5843483979208,139333.9950812465,0.49704181921636426,29061.806121540292,0.0421950570448226,0.27567137534592323,1,False,True,False,False,False
637.138914918418,76480.4608503622,0.4211780507211161,21455.183078331647,0.06150915775881568,0.4086945369321579,1,False,False,False,True,False
791.9464706686854,75348.23229782365,0.21742195857867314,27021.53171523537,0.06874410859028189,0.06917304236224342,0,False,False,False,False,True
708.4299752547073,74396.87282224992,0.570292296641317,40811.17042729552,0.07046854709731298,0.356852475874712,1,False,False,True,False,False
608.5217901678411,79952.11901919638,0.4178118584389913,12921.489216644306,0.11844931385011306,0.44865032666696125,1,False,True,False,False,False
719.3932165180298,71390.98970190143,0.2610202339789653,38678.542733548544,0.09673073182175373,0.18028704374457072,0,False,True,False,False,False
621.5190997863607,60658.449827994096,0.05,40805.380808078386,0.046656261291889045,0.25121017338396795,0,False,False,True,False,False
727.2250762245471,61328.526468990196,0.574913108710889,23583.177676107054,0.08739514335296014,0.26562177631386086,0,True,False,False,False,False
749.5157347404443,74181.16824460003,0.13325130398836849,3000.0,0.09494665245490355,0.0739739658739285,0,True,False,False,False,False
630.7590608988974,61414.38072165588,0.10255215036517298,17706.13615486681,0.11420447115563799,0.2259127976520252,0,False,False,False,False,True
737.8025677546593,57178.855433070894,0.4227084518411568,40563.93455873331,0.1274162205970512,0.2722242993928608,0,False,False,False,True,False
704.7668556161899,77660.75569229742,0.5927702887607127,24725.583252413413,0.049547174245163944,0.30579646139573413,0,False,True,False,False,False
729.3236095996695,68625.56956447862,0.46611273822126215,13008.37321246107,0.055674274663689856,0.21740596179745883,1,False,False,False,True,False
793.8075789592368,112599.8247145672,0.36766909440628315,18942.70094526139,0.04227266423256151,0.08450470191477114,0,True,False,False,False,False
665.2767130398278,20000.0,0.3713705209998343,35087.440318054636,0.07297940422679057,0.30268845574786934,1,True,False,False,False,False
634.7758301385506,102287.67129806154,0.4024098670536369,31560.802818416552,0.09399075123339003,0.4392630777102418,0,False,False,False,False,False
626.6291342224686,106152.12981244073,0.3910714307744118,22132.814809963667,0.10962003549767306,0.3921164407800095,0,False,False,False,False,True
631.0513829020737,23165.244189796264,0.3337429708763251,20598.107058223744,0.07772146929072432,0.36888319121816326,1,False,False,False,False,False
675.3738974351537,66432.81014799129,0.3125041324742251,20298.90221147414,0.07040457430235468,0.25763907063926667,0,False,False,False,False,False
700.4691184889986,65713.97835010522,0.2924888246520573,13931.07778601797,0.0845527397674622,0.2009286893186194,0,False,False,False,False,False
696.6014479598011,39812.20763205447,0.20952424933599884,44384.5082736333,0.05494571295109931,0.17747901277369912,0,False,False,False,False,True
729.6309949421615,55554.582810228116,0.2663189907759871,21132.154369463922,0.1426861616508432,0.1556269707907128,0,False,False,False,False,True
680.7801135126745,47235.60386335428,0.09684518229655374,39605.90224990596,0.031770169186458246,0.16461013649762793,0,False,False,True,False,False
767.212044629439,118806.76108559057,0.28819924478463,43255.792623069414,0.08554221736687173,0.1528477948859258,0,False,False,False,True,False
664.1205900057226,98391.95982868652,0.18136906714188988,36979.73077777553,0.1407081865768892,0.3003017507363938,0,False,False,False,True,False
843.2101499953772,106788.87737485397,0.16756928193410744,19820.556247383418,0.08020399533679994,0.04211350782420476,0,False,False,True,False,False
717.5400408659003,93041.80160108088,0.3215872981384174,29844.761084039314,0.07429882894995517,0.19780213712900063,0,False,False,True,False,False
628.5705466150231,46773.705719569276,0.4670402743613519,24709.652723309006,0.06927663731568719,0.41503762720585635,1,True,False,False,False,False
615.7464501163332,61886.993343005655,0.41019799272027757,14155.577671238461,0.07458824954712777,0.4337299463505614,1,False,False,False,False,False
708.9483449145911,87234.36403069795,0.1115399275652187,28892.311380659237,0.1211854542402959,0.15340328381050225,0,False,False,True,False,False
666.5922328804489,44446.80477770136,0.1812446236115595,10851.52250608237,0.02,0.15521176912752707,0,False,True,False,False,False
722.8400296455255,92824.96075430971,0.4128925425585859,39252.15266153876,0.12600301103888978,0.2940824282946161,0,False,False,False,True,False
708.3942574744127,68991.86504604663,0.18210151277540285,19424.592432419282,0.03728128542649565,0.1332412814874447,0,False,False,True,False,False
675.6302652405876,65629.47981126007,0.27304402200035705,27413.915870474073,0.07200043012296756,0.2255603214600883,0,False,True,False,False,False
629.1923769158957,92773.9992050873,0.3660062518829462,28399.454458553704,0.06712266739104014,0.36782811131769527,0,False,True,False,False,False
589.1091665188482,86106.582787151,0.18379866541636375,21893.14031555107,0.09765659809312159,0.36130748093264375,1,False,True,False,False,False
653.2091028759787,65975.845854523,0.3126450607375152,32040.325617703296,0.03205626944348758,0.2662160753308704,0,True,False,False,False,False
731.3839276594083,103983.2450841062,0.13991694060981547,19301.156120529708,0.09386517998245829,0.10252856738880198,0,True,False,False,False,False
692.8456246478122,47973.41681000256,0.22783588272585434,35455.56756948693,0.14072928869860557,0.2258100674653885,0,False,True,False,False,False
605.2556732772807,90398.39017360659,0.3383738320971044,8848.243837039017,0.03910477986221569,0.3360771124456544,0,True,False,False,False,False
690.3908555510709,89827.5314492096,0.10884075197619968,26516.55495455694,0.08569118502831187,0.1666486593191821,0,False,False,False,False,False
703.1190427837302,67261.33901715024,0.35285696855524784,48267.14798869942,0.06014053466610173,0.2430638159971485,0,False,True,False,False,False
626.968553827932,83153.32555605295,0.2976434641287982,12996.024104733104,0.09277661618579107,0.3503987802847261,1,False,False,False,False,False
689.2235063567317,43722.16059036742,0.36629879453005776,16867.06035370178,0.08057443332247256,0.25614657367647753,0,False,False,False,False,False
683.49252310676,98100.67548017252,0.32686969608775934,31166.89419590698,0.06075539272867071,0.23616594043016131,0,False,True,False,False,False
611.4217821301626,70377.44658892528,0.4636968515968613,27154.981383275175,0.09463616854613222,0.5375498238070388,1,False,False,False,True,False
701.467241620897,61931.924487024015,0.31502694031774886,29207.56119128271,0.1341304432936023,0.2345781861797796,1,False,True,False,False,False
713.6470715820941,101225.23064592223,0.24847133506496963,30870.24556177196,0.07427288624818104,0.16331439064506917,0,False,True,False,False,False
744.9830745905166,57391.40773643102,0.31467570036387404,32616.65762274124,0.10159273826444545,0.15287901020313432,1,True,False,False,False,False
743.2281231220942,39788.46759091101,0.36519576348436655,38316.398103474676,0.041201811263865094,0.1594236842513088,0,False,True,False,False,False
597.3398379225746,36084.27066190241,0.3058632084390845,29917.82388314215,0.051306908695459744,0.4487700605226466,1,False,False,False,True,False
623.7304976050926,90150.24878364099,0.3048710029444659,22104.90814457749,0.09417218833641132,0.3426376706124077,1,True,False,False,False,False
710.9021160325196,42989.266187592926,0.21576099746318933,33070.884414432774,0.12452348085607895,0.17288181531529265,0,False,False,False,False,True
710.8271570547325,118869.85454960911,0.2204518898938862,47798.58321874258,0.0906684004635698,0.18136142654138457,0,False,False,False,False,True
710.9028611783629,22951.76480290695,0.13168736738403677,23408.395043409117,0.07060825908430537,0.13777415325477574,0,False,False,False,False,False
850.0,117411.40920725095,0.5099492091824327,13305.648343952302,0.07997874216270062,0.08689627896860891,0,False,False,False,False,False
714.2534306415901,80275.43668006545,0.15073641175304578,38284.96803144367,0.042487767980908475,0.15376387356015245,0,False,False,False,True,False
748.133938410836,72582.17220324019,0.2168513762644911,23555.42603255682,0.098135459790661,0.1235482048000474,0,False,False,True,False,False
737.2401058095921,61377.02282977626,0.2137911281316963,3000.0,0.10646999186970227,0.10078675485852782,0,False,False,False,False,True
719.0834750783479,84978.40285880177,0.4073909252333329,35169.06012580506,0.06643729001500759,0.24576003770104057,0,False,False,False,False,False
661.0838453215792,74059.1324393788,0.2646060386049567,18576.06176855293,0.06589873556721496,0.2199656546431661,1,False,False,False,False,True
725.538153229596,102582.54705041305,0.44972904872084807,23913.60061235007,0.08797634688956145,0.25388584703111744,0,False,False,False,True,False
633.6304871277457,77855.69121655099,0.21918112509073576,28983.763966828177,0.06689840791878214,0.3212966728540408,0,False,False,False,True,False
665.7908835955994,78757.54403654694,0.3334792994668562,27285.9961573488,0.07801602156122533,0.29581589276208814,0,False,False,True,False,False
650.8781871302538,65909.6946946536,0.19975835360882913,33513.42180566848,0.14299165367499547,0.3110367608904631,1,False,False,True,False,False
684.9124483631794,73576.35940697331,0.5574178953328066,19774.16355316188,0.0725892289776201,0.32737747553229435,0,True,False,False,False,False
818.8795140004105,82695.04422230148,0.15748818971645845,31157.26957811299,0.06924979543936333,0.06147074923641236,0,False,False,False,True,False
567.9640884444951,32245.790183584366,0.3371784852272433,21885.439868992995,0.06057374583094522,0.5159648124998364,1,False,False,False,False,False
721.1756114224709,41295.36444735718,0.3760532257118518,33865.72577065004,0.1023257591449981,0.2098236860740641,0,False,False,False,False,True
583.2370477286208,93581.60235056787,0.34965589169417977,32384.40980815664,0.07456327480345691,0.4848304505083238,0,False,True,False,False,False
651.684088052634,79271.63595319855,0.277765480934675,13774.735575464858,0.06051880885035722,0.25862577427936184,1,False,False,True,False,False
745.337035818042,70400.41659118302,0.28442151603198884,38031.785394100385,0.11963912096819036,0.16069293090780912,0,False,True,False,False,False
683.8568011457278,75460.84832663483,0.30525737663749314,18568.438658631425,0.12258809013540911,0.2646426953973502,0,False,False,False,False,False
615.3353133242416,83689.54263404178,0.28235975980458133,34696.69357937374,0.06198729302783885,0.3859129378169997,1,False,False,True,False,False
637.081777444402,61506.007992265964,0.41566549401538916,29407.44776081609,0.024003801459181517,0.3507900746645709,0,False,True,False,False,False
720.7758649360806,55542.38186494218,0.5652627601909621,47058.204121541465,0.11022541069510766,0.3791062471524949,1,False,False,False,False,False
636.1780020969718,79896.13137744204,0.23310098579905994,22318.408211537775,0.059461105227199884,0.25398695889168327,1,False,False,False,False,True
692.9875153749185,50540.6805596242,0.13562364245051062,20808.19844658163,0.10371876797488307,0.17199158598927453,0,False,False,False,False,False
682.7343103942288,85206.31889286179,0.28940615419784943,24766.964729347208,0.020896885468644932,0.18641615600756214,0,True,False,False,False,False
640.903979143651,32435.40989405399,0.6095651205185182,21361.8426059887,0.10677792014897929,0.5246862110369561,1,False,False,True,False,False
808.6366453595195,100728.8909331411,0.2035590518436323,34599.3028233046,0.043664842121576564,0.0723941599083741,0,False,False,False,True,False
718.0351413390807,86814.93706032608,0.49669401665328805,5604.272698760945,0.10192292357199574,0.21809459551342264,0,False,False,False,False,True
558.4914448005436,81400.74335784689,0.5013240976891729,12355.810970243749,0.08042819203509302,0.5946539473563388,1,False,True,False,False,False
691.1872588861656,99567.27459863784,0.23356941099504064,12186.364941049684,0.051381817418100655,0.16771065335282273,0,False,False,True,False,False
640.2928121138967,116636.86111156442,0.368277969502233,36403.69110368291,0.06778891061219659,0.40979097177943935,1,False,False,False,True,False
731.1460000877735,100359.25162545327,0.49540759477542456,45527.360470983105,0.10058955370870103,0.3066349346828841,0,False,False,False,False,False
632.4487556940379,28978.144216708868,0.25450467108150154,23746.609377550343,0.08317683359345703,0.3427125743247482,1,False,False,False,True,False
673.1158135119861,43010.575831607464,0.2755703567877166,22974.13932171987,0.09753238941417453,0.25542330350088,1,False,False,True,False,False
710.2992367388274,59379.535557608026,0.23019829032616274,25840.625957358177,0.13929321753546456,0.1976240572607754,0,False,False,True,False,False
731.9453116502073,75652.27625527084,0.17822919231685597,38942.539631298285,0.033072751648668464,0.11252184918805709,0,True,False,False,False,False
607.9822155766534,87941.47551172807,0.22208669459207914,13871.76238971311,0.1285163772490587,0.33618572057157264,0,True,False,False,False,False
659.9299258495431,56856.404671163364,0.1531271679885292,27860.427792817423,0.08313067812569638,0.24259862057917303,0,False,False,False,True,False
651.5032813303426,79669.16911192695,0.3040900161911071,36702.37155738915,0.05303647855030616,0.3254856399413126,1,False,False,False,False,False
640.8002460455773,56115.42669116693,0.20760321227296302,31013.13003927814,0.04009059122783031,0.2872881759082774,0,False,False,False,True,False
785.9272544168658,59712.05492520129,0.3280543094148897,27274.979399184922,0.074326388276689,0.10973920000511604,0,False,False,True,False,False
704.2989026576573,39833.47257879444,0.11329252245556472,37012.5531108057,0.10764950335773378,0.16566273929705147,0,False,False,True,False,False
604.3469627398973,51919.16884722739,0.3397056278657348,3000.0,0.07617352638867397,0.35762553190944746,0,False,True,False,False,False
735.0717168232866,41207.88485959166,0.4000234753930709,33134.503834370895,0.12533464790742044,0.21026820626752388,0,True,False,False,False,False
807.329371820758,50603.16867556668,0.06075172289142535,17151.091802470914,0.036464729298453236,0.03589821490543814,0,False,True,False,False,False
741.9479156330688,101341.04491519599,0.34488678838170866,3032.405237722517,0.07963733156461837,0.12046584403728872,0,False,False,False,False,True
588.8378020427592,51265.027779201424,0.44732027909679506,31134.43119429977,0.04242819666760643,0.5296032314393514,1,False,False,True,False,False
650.9459556280249,140809.55162093477,0.15484307775705533,41483.90254195549,0.09090895647874904,0.25260138576437857,0,False,True,False,False,False
756.0146689511973,87332.94752202224,0.5007086864205244,23350.6178244677,0.10660662170291901,0.2305782578723069,0,False,False,False,True,False
637.5398320628732,79620.90309237185,0.3502822811239254,36434.49456643526,0.0673771461895684,0.3513258811110918,0,True,False,False,False,False
706.6291656887737,53541.05549546966,0.21539857730899092,44347.33909586375,0.02,0.1539016527492371,1,True,False,False,False,False
726.4780432057602,92507.74698522477,0.29330771068107525,40778.97344300857,0.08596844440389484,0.20329666151941828,0,False,False,False,False,False
624.384171705315,60609.05434405565,0.36699922950260666,44679.574352456715,0.09310215655200528,0.4874422838768125,1,False,False,False,True,False
676.428478636292,78050.24536613404,0.3091206469694894,33905.52989286271,0.09212884264885092,0.29399878120446005,0,False,False,False,False,False
485.5239595958557,139002.11345671988,0.3646507190935643,25905.203666819114,0.11707346575466462,0.7343214264995903,1,False,True,False,False,False
618.5367415199427,72598.50250688376,0.18951916883047604,5776.410257233978,0.047868389610528535,0.22966562594440174,1,False,False,False,False,True
664.8459109164104,103731.8331571419,0.32032329888432937,22047.25014244062,0.10040648316351349,0.31519148607369524,0,False,False,False,True,False
605.1330090821091,57420.58937185282,0.13035426037140238,14881.040856205704,0.11577522537433925,0.3364156880250239,0,False,False,False,True,False
777.9446782358981,74125.28773757596,0.286652872638156,51051.312609973764,0.0266423724798045,0.12759702852185192,0,False,False,False,True,False
594.1915173223621,119270.01589088775,0.19153108302422522,22889.37025081196,0.08958955477756932,0.3856996313600357,0,False,False,False,False,False
653.597330798181,59325.82355530582,0.211736406889228,26478.457681413827,0.06487460506976986,0.23196943758333366,0,False,True,False,False,False
687.8444346371655,120311.21394992321,0.4483311810252525,31617.82451248561,0.07755431980695063,0.34101480193625905,0,False,False,False,True,False
766.4763973439669,92693.79838638689,0.43095721447131224,25523.229356469445,0.09043029450615009,0.18081318912109248,0,False,False,False,True,False
593.8482709292336,60938.330602643306,0.37309657450886125,45340.61248516904,0.06538314307659343,0.4909545572570582,1,True,False,False,False,False
749.7898251292976,90810.19347638803,0.16892246823929052,17528.207659186577,0.059728757625151646,0.08157602437481878,0,False,False,False,False,True
680.6139836611752,99313.86124066824,0.2620309860366238,27335.28946284691,0.08102457252464074,0.21171214777783748,1,True,False,False,False,False
621.109480937123,90545.24905542991,0.445571723997502,16090.35297162342,0.04738262183411593,0.38364295372393425,1,True,False,False,False,False
707.7262084557963,35744.38200273859,0.31700602963678853,9159.72986535153,0.04742524613344444,0.1479369983465324,0,False,False,False,False,True
691.9435817344082,56821.570604378285,0.5783195447978032,17658.770909136576,0.1003811984886951,0.3439127817864971,0,False,True,False,False,False
643.9869873704723,68812.03411121239,0.34719814072732463,24555.558435419054,0.04553617894524032,0.29531456516589166,1,True,False,False,False,False
684.1881250994011,73139.16427249885,0.3230458939788038,19848.37330579288,0.09998937502727635,0.2340083163925158,0,False,True,False,False,False
656.8811841882944,90516.80243876694,0.2629060242956998,16690.948241513728,0.09387773878561853,0.24176923489315835,1,True,False,False,False,False
686.8110407150749,79442.52502333134,0.31602490857387383,8124.190435937994,0.028225798136282104,0.18814194107188995,0,False,False,True,False,False
719.7278404712628,41616.39103224747,0.28170361963433477,24002.733128455664,0.05967306042993035,0.145048962540528,0,False,False,False,False,True
775.1610089687211,84504.94627514908,0.3849730412026308,6943.355511627973,0.11582328209142118,0.11382279921316116,0,True,False,False,False,False
605.731070070389,90264.64363209558,0.4148042780153501,34120.67156427523,0.050565034065809554,0.48066010668271203,0,False,False,True,False,False
807.982002479376,88994.761198276,0.20568126473904605,25989.27703521404,0.06606787213071837,0.06865598080105556,0,False,False,False,False,False
562.8747320286499,102019.51813886555,0.14025204557306664,7509.382006420833,0.09386182679755689,0.38427596708135087,1,False,False,True,False,False
670.892894297865,95848.0538637226,0.0796553552276044,21289.49107540164,0.10350171527847786,0.1921049229763121,0,False,False,False,True,False
715.2990323890746,86479.50198071092,0.3609589592295052,15974.123132913002,0.07245383341866513,0.17458274719753808,0,True,False,False,False,False
696.859512064102,73245.85721353382,0.16759600725913515,28830.094125030166,0.06207469415925076,0.16450545630222624,0,False,False,True,False,False
642.6380288107644,33475.97666210023,0.05,41085.40535227773,0.12267109585095523,0.23640105769117797,0,False,True,False,False,False
667.5126649785635,85740.45547831465,0.3466294325437157,3000.0,0.13216698991392736,0.29275271419622534,0,False,False,False,False,False
650.41994392047,80192.19217907779,0.5991599420919348,26380.312949769006,0.10936574152345387,0.4764177021660034,0,True,False,False,False,False
644.6381145833473,81789.47092988434,0.2992714906152128,23078.406453200318,0.08255954427695072,0.3385551238603234,0,False,False,False,True,False
730.9761258212615,43081.28560449226,0.400618892934197,33056.08091740558,0.05575202835077221,0.20417576556655936,0,False,False,True,False,False
701.4209291579028,47973.58648979344,0.3098195230257078,27558.35953885227,0.05508666780330305,0.21436420057395025,1,False,False,False,False,False
638.4254242843607,101328.82133332259,0.2881332416170629,15976.368019134172,0.09567542315797273,0.28964039547586923,0,True,False,False,False,False
733.975992525995,74011.12115358362,0.4102891779585322,21171.35277200058,0.09255194662666051,0.21004277254602516,0,False,False,False,False,False
698.4379712525965,92037.51743431561,0.26516705469736185,15447.689718358131,0.12204795778839288,0.22255453883818177,0,False,False,False,True,False
728.7717271303376,75707.95940326148,0.33208707768862833,37912.08566318318,0.09951350277608417,0.2091861280843738,1,False,False,True,False,False
717.7777305154167,75743.90348739357,0.3386037367435216,25255.739784063306,0.034907590947205455,0.1863372456873061,0,False,False,False,False,False
630.2602993446757,98457.09514939995,0.21982914556283414,47814.28822903609,0.11155842853168756,0.39169046419338793,0,False,False,False,False,False
646.3891375881818,62098.881794565656,0.4190450819443827,24272.07023422455,0.05005818118056762,0.3266483652193097,1,False,False,False,False,True
724.8376163073957,77403.01942352459,0.27900482919655095,16499.118797074447,0.06848086184142946,0.1570384962841649,0,False,False,False,False,False
716.6222159260079,63443.117782373934,0.20931058086085863,6835.427288646074,0.08750600618755083,0.11794110737147481,0,False,False,False,False,True
678.7459043621511,64137.59431419211,0.3643811812284484,3362.323884928659,0.13987002469351892,0.27422864905429106,0,False,False,True,False,False
687.0396429985269,67270.69691328402,0.19218384218507553,5990.368683934123,0.17329755668016084,0.18390064493137337,0,True,False,False,False,False
756.6598937473055,80553.34429084283,0.30338173888429537,28205.5198121378,0.09820169177408548,0.12881418869591035,0,True,False,False,False,False
644.5057166698502,63031.28445841307,0.2989057204026956,31104.700278759206,0.07450410143838837,0.3288847360416765,1,False,False,True,False,False
712.8258428702022,106393.90313933801,0.43030746789978935,6025.711575614399,0.09603516945441651,0.22198652973476735,0,False,False,True,False,False
667.8684408539664,52634.8174445124,0.3569637879455943,35740.45976891339,0.10662966277621508,0.3188674664184135,1,False,True,False,False,False
666.9391278063667,70328.20889596602,0.2969967649505827,19203.267379798726,0.07037997123328425,0.25469500029030284,0,False,False,True,False,False
745.9266111192314,64006.72354314563,0.39813195590403444,26761.516143826593,0.13385634067736968,0.21504956521226062,0,False,False,False,False,False
729.5249809392818,111174.44710884332,0.4668249058820776,44346.64753906509,0.08690212277574207,0.24898841640170555,0,True,False,False,False,False
728.8105781600383,79913.86941278937,0.36693723676222345,35762.071790386384,0.09493229267274182,0.23534988323709247,0,False,False,False,True,False
758.3287284292597,100796.11348671587,0.3012423143812057,21777.63222513001,0.09997772756163384,0.11999558295809788,0,True,False,False,False,False
681.2602304979655,37860.9906740757,0.14257965211798085,14305.69329501655,0.09264759831843367,0.14992958371349419,0,False,False,False,False,True
720.9171782776979,81676.25664673148,0.17218636043095528,3000.0,0.10516821501408838,0.10782033661158295,0,True,False,False,False,False
661.3839946043927,97240.76989058593,0.2633730354774399,16370.16016909096,0.0614824044035923,0.22144617984603052,0,False,True,False,False,False
699.4499811493065,77057.09973188561,0.22685853574088602,22466.437134067666,0.06325094738161909,0.17322571668218056,0,False,False,True,False,False
672.1914167379389,101637.00937663378,0.27756344364174645,13153.845674185795,0.046995373010849155,0.21324402176665155,0,False,False,True,False,False
685.8197578995631,62067.7887474907,0.30679799098765287,23424.916394892345,0.09318503691860679,0.2214220808724744,0,True,False,False,False,False
715.7094215262148,110233.6860046395,0.3635631305228077,25922.22259550522,0.10336809510536342,0.2443715678077747,0,False,False,False,True,False
630.9067590059916,132472.45309048126,0.29154014663290906,22301.72821830306,0.09373318598455657,0.3714502172302261,0,False,False,False,True,False
805.5432365411276,65929.03598900852,0.3583801972591442,17199.969030118482,0.13023477300042613,0.09562776243134125,1,False,True,False,False,False
619.6389571100178,63862.436964980705,0.3077369297772144,27023.85606360073,0.0798321194351286,0.35039296705050854,0,False,False,False,False,True
607.1486832327361,111334.61192794252,0.06294401203753544,30303.287794832908,0.10006224966777538,0.270732930789832,0,True,False,False,False,False
749.486652410004,114489.3036432678,0.1872797527417495,11915.211070685848,0.047248973715820576,0.08982544519142004,0,False,False,True,False,False
727.4997616377761,61928.499321168296,0.2827094933134061,41931.18855695524,0.06838700892576798,0.16468821490867955,0,True,False,False,False,False
717.4471890231293,64495.329572603565,0.1548366308590671,23816.942412588858,0.10086613272697333,0.13049235417364588,0,False,True,False,False,False
717.7007305558568,67955.38477848732,0.3719914475995445,25226.195475338172,0.10547306332229432,0.23534944268252042,1,False,False,False,False,False
679.2651936291851,41388.73722414307,0.4836900998812437,33498.57307907869,0.07118099157007453,0.36937523802909505,1,False,False,False,False,False
626.1647377108501,52033.70133789504,0.44625142220367797,27798.59357516202,0.077852022444258,0.42935656780208964,0,False,True,False,False,False
684.5482734916236,49896.4808311983,0.27438685548837505,36437.63960695894,0.03446378759957572,0.22413189588547128,0,False,False,True,False,False
639.3702973092733,55805.06087239679,0.4788871364219942,28445.489982421892,0.06928912397580173,0.4123733036291481,0,False,True,False,False,False
738.507184005065,74132.87781533047,0.3178400948642534,17650.751504314747,0.10671149490559359,0.16194464119264465,0,False,False,True,False,False
671.1765571098717,80855.36831341301,0.25954968346583523,29338.04230247322,0.097256150483197,0.28338293911648404,0,False,False,False,True,False
630.4701681924494,113762.51232035192,0.22639168037508722,11275.285512152059,0.09501997164143629,0.2707324301581879,0,False,True,False,False,False
660.7168495008204,50041.14898153023,0.26370363762142457,26302.71646931828,0.0814932106154288,0.27083256307524584,0,False,False,True,False,False
704.7758872565374,99608.0599619146,0.25341878177505256,24601.24011226647,0.0802118947588453,0.1711407794716244,0,False,True,False,False,False
646.1765268317615,69650.27889436227,0.3204499466850585,22502.597712729523,0.06019036581579659,0.2880151957589357,0,False,True,False,False,False
630.6667762660142,73763.40725868917,0.3192688777259837,23457.54986273283,0.10096485260607604,0.37261246599058573,1,False,False,True,False,False
694.6212326895147,91870.48730416509,0.30036552241840975,3000.0,0.0926291883316817,0.19194659709155143,0,False,False,True,False,False
694.6979942665233,46931.94946094254,0.352432580369562,18415.301107108462,0.09476056543978398,0.21459216732711725,0,False,False,False,False,True
649.5834094777322,84560.24365460126,0.44287755297436093,26114.13881369338,0.06421895471997259,0.3578192213785769,0,False,True,False,False,False
651.7377016629007,79161.3052053264,0.4139464962529588,26918.276703968804,0.02,0.34223997047851534,1,False,False,False,False,False
693.9229962414581,87311.28160020371,0.12181224378601158,12667.898308888502,0.11291458135261087,0.13952069476897472,1,False,True,False,False,False
593.1149395101605,82229.21609769545,0.05,40188.49409037641,0.06563487631974788,0.29789124880863294,0,False,True,False,False,False
595.5521735374067,136382.50349777236,0.4121183893487128,14605.901821425992,0.054116727078706385,0.4583923020796939,1,False,False,True,False,False
636.8933467248538,59056.5003937171,0.13597455619014948,36633.486406320844,0.10080436735741981,0.26693110223826144,0,False,True,False,False,False
667.1931708972892,61725.07612495456,0.273028151772878,30126.332342460217,0.06823962080242611,0.23805381945610965,0,True,False,False,False,False
698.6544539358803,59421.486839380894,0.15958643687287685,17245.272281874364,0.11179809152139865,0.15062193348406624,0,False,True,False,False,False
768.5213730169731,61113.07202099363,0.08376234749039764,46303.730711314136,0.09851017848730093,0.08338340112080111,0,True,False,False,False,False
731.4595773921212,59065.321817337055,0.36497552738457456,10676.35801892224,0.10050707969601433,0.18334125214399444,0,False,False,False,False,False
670.4036882021944,104725.4132776888,0.3910986192363176,36029.850083320016,0.03902132866398397,0.3102549094732582,0,False,False,True,False,False
678.8590275258387,110512.60619974637,0.23081875191279366,37006.98781651574,0.11635831956159201,0.2418802549682734,0,False,True,False,False,False
619.8482381217315,60731.34265626309,0.05,16952.55749108026,0.08783751593701568,0.210744389936915,1,True,False,False,False,False
678.8892118404566,54191.11067239428,0.23445066620970206,41709.58360077195,0.0689216858226139,0.22116252385597318,0,True,False,False,False,False
662.6804816647917,86785.3889096601,0.3470164806483056,21999.441824812566,0.08430165402026753,0.2756057801794221,0,True,False,False,False,False
699.3631136202854,61194.42389297571,0.12253061174710457,28464.323551358284,0.026712943013050404,0.14522890659350945,0,False,False,False,True,False
630.3661433868606,90823.29544388778,0.32200319037349867,28123.86206525465,0.09225958434442012,0.3451027658373934,1,False,False,False,False,True
711.1607908544703,80073.07552128249,0.2981628180992405,23388.295102353426,0.04911885475453785,0.1846792062643128,0,False,False,False,False,False
771.9643347801547,37106.397125069205,0.3695149799521306,34729.69927791739,0.03941989142469397,0.12128694332272699,0,False,True,False,False,False
673.4743910925886,113687.63003325154,0.31434964420969835,34521.864646626556,0.03432922441346327,0.2787514102268986,1,False,False,False,True,False
704.1027033259364,119896.94182738804,0.18323172709421334,4017.6163211418307,0.11338065124969776,0.13556444754192068,0,False,True,False,False,False
721.4086395026668,59680.28273789035,0.44358858019973896,40652.08291453783,0.061122098189216344,0.23771866103827677,0,False,True,False,False,False
655.9267716868499,65307.4610016004,0.28097645123676357,5050.096143571908,0.12601183129749496,0.2732311902743888,1,False,False,True,False,False
693.445548908625,82146.63476812263,0.29672345525880817,37390.55445209989,0.06392595610843106,0.23559861734079743,0,False,False,True,False,False
680.7555440469077,83361.41974967562,0.18800784491121647,38520.461641931,0.0287792612722116,0.19529045618329016,0,False,False,True,False,False
685.8605659129299,91463.60681682076,0.24680612985701875,11908.402837417621,0.046504266801540226,0.19263268983408485,0,False,False,False,True,False
633.619412968672,125255.11346915874,0.1938236743167719,20070.22854454498,0.11707434860020816,0.2789432249688334,0,False,True,False,False,False
681.4706104555365,70576.31931264876,0.27924647280918924,11731.543978168771,0.07532305466189998,0.18644074157251755,0,False,False,False,False,True
709.8798974747269,55042.568886538655,0.5054050176170812,22420.947636535177,0.06355138110528197,0.28487175147223365,0,False,False,False,False,False
767.0686164677026,40517.01929963682,0.13537186284823724,21303.588589771105,0.08480054677558363,0.08204963275404073,0,False,False,True,False,False
737.5562495651125,56726.74900145202,0.10637263225479106,34355.92638723208,0.09505348208502636,0.1159954539577895,0,False,False,True,False,False
809.1909474506933,74171.82567815507,0.476540439299233,40723.70495343531,0.11352196447707381,0.14151597871714444,0,False,True,False,False,False
633.959146226717,119863.9465879447,0.27488115874177604,41748.20572947947,0.12345497689678778,0.37412947871436386,0,False,True,False,False,False
732.3392382032407,62059.717524095715,0.21971127136081,18253.983681060374,0.06920694062632743,0.13776796674406594,0,False,False,False,True,False
691.0005203443011,80594.69879097246,0.42478856248752916,22489.33751506567,0.040218569417538846,0.27838540059912764,1,False,False,False,True,False
811.3881759930604,74589.4275981812,0.2273261352315763,4798.741693348599,0.06759604516630172,0.05495120925976451,0,False,False,True,False,False
631.502102878691,104709.8318362021,0.5191211656256324,15329.559202045737,0.08780841519748658,0.4377011060556746,0,False,True,False,False,False
629.6166894691535,138173.31064684055,0.38135110456071225,36578.21959716949,0.05108723221368168,0.37197688901642767,1,False,False,False,False,True
644.0364412733587,61728.280676991984,0.24145063102251568,44386.99388257878,0.05128547255314871,0.3232203439641261,0,False,False,False,False,False
552.5662565414116,62764.013937044445,0.5588769855918604,10187.813537440936,0.09031363644649656,0.6443623718966882,1,False,True,False,False,False
648.4546986991544,101104.0219267268,0.22731420923959939,17890.42889016527,0.07854042945288647,0.24017215911613976,1,False,True,False,False,False
634.4520403067781,92047.28724065778,0.38905144464111685,24683.130916492875,0.0809839098623476,0.36305967556864965,0,True,False,False,False,False
689.0236271885725,121167.68314340083,0.335915109648779,28361.933905835278,0.057245139958997916,0.2601683500019029,0,False,False,False,True,False
700.5053585466296,89598.2046331491,0.4562089547278558,15284.757760940247,0.07308797857382698,0.27043440950943,0,False,False,False,False,False
792.5702503529532,66017.69773032352,0.4873813436072223,30088.732533569077,0.052273005671950874,0.1419067284055865,0,False,False,True,False,False
737.025430291163,89766.37076730773,0.30384049788789197,19313.927835149007,0.10670595233374361,0.14837594938517593,0,False,True,False,False,False
645.3857806602558,102717.5895145727,0.20958985555845797,24826.57274946065,0.11105748004171258,0.2893701551268913,1,False,False,True,False,False
626.0951197190985,95512.0545299341,0.35519665715269394,31555.410976044393,0.02461436413285719,0.346703224676111,0,False,True,False,False,False
709.5151502903904,87681.85077768244,0.21867415562974726,25077.067237731255,0.0521146741942277,0.15559819806065747,1,False,False,True,False,False
600.7860075787614,101666.86723972885,0.5416064697031947,19763.369313681178,0.03510412234729763,0.5372066353895428,0,False,False,False,False,False
789.8875259512612,104232.38976114182,0.31638423972992846,23684.68235289003,0.060499281967793056,0.10530989799883868,0,False,False,False,True,False
750.7664072432772,109553.97477593817,0.2561614138425469,23939.644489535975,0.07749686090628917,0.13063299835864406,0,False,False,False,False,False
651.8494608737177,91217.74718974107,0.322161636703789,20559.867641414465,0.0365106434090441,0.25389227879694587,0,True,False,False,False,False
577.2119282545473,70822.04799207865,0.13834484525643642,21894.447247994773,0.05234420560624061,0.32076027583462086,0,False,False,False,False,True
761.2323424499248,78667.84216083307,0.18340631537872182,44183.766046056604,0.049881278837555054,0.11791481883911535,0,False,False,False,True,False
673.127609284843,105162.72416270892,0.44404966895333103,31731.033375294865,0.08621801988196832,0.3669816585476517,0,False,False,False,False,False
754.2689787184077,54576.6082253191,0.2211726865234325,21454.236183650075,0.08208033011108752,0.09894744644806902,0,True,False,False,False,False
584.334340472338,84216.83272182253,0.17437068207816725,33363.45285412883,0.058347873399882406,0.35463234647247166,1,False,False,False,False,True
644.0374986227737,65166.52969181598,0.36439833030327434,20994.16612292788,0.08530462616418194,0.32223410596357016,0,True,False,False,False,False
680.314621983091,75718.62057337044,0.4422844985595596,39077.495651039695,0.06359959746238204,0.3173750857738108,0,False,True,False,False,False
682.8188356258845,106961.29656518246,0.386274397279808,29435.706306377127,0.0718503466902184,0.26843166475809865,0,False,True,False,False,False
652.9960717112453,79777.47670049759,0.41952572229669793,23712.374271949255,0.1302035627089561,0.4004928516357171,1,False,False,True,False,False
717.37099594085,76160.91370390372,0.2091845893716647,30372.603109723328,0.12021383155371043,0.19210640329958611,0,False,False,False,True,False
615.9427742370443,41003.59647550202,0.12938271999097875,6149.486175178008,0.041012562892172075,0.2139230374750226,0,False,True,False,False,False
671.4572308987224,93656.33915068052,0.4801600382346584,11478.790373082336,0.10489197253637524,0.31762489735245747,1,True,False,False,False,False
687.2177379027139,91137.10452852689,0.2612784193389437,10672.899923211335,0.10434189663474776,0.22283403958484133,0,False,False,False,True,False
710.866330043525,129081.3680826365,0.2699000380253943,26715.317137164482,0.045552101337421456,0.15708173381388876,0,False,True,False,False,False
722.6968926853334,67305.54412617498,0.45938329702188696,45790.179993821104,0.10456332931264582,0.29798347819319754,0,False,False,True,False,False
612.5214744897279,80478.75819159846,0.3667476011280792,51775.60175431159,0.12613795755237658,0.5468184797107899,1,False,False,False,False,False
587.9531497558627,81234.59209276889,0.3547065326497929,32656.613217289087,0.046323655812667584,0.480702573567056,0,False,False,True,False,False
756.6606093139105,114436.33199408685,0.5598002813881301,31010.133699333484,0.05247491536957209,0.19788287762253878,0,False,False,False,False,True
699.9388407187755,72617.6116903262,0.22277781235438282,3387.3071901671324,0.11052984400530508,0.15097411551190437,1,False,True,False,False,False
635.0908078066068,81975.53814425848,0.4113408153697484,18487.91440319174,0.08814485932476944,0.36048901408357864,0,False,False,False,False,True
773.0691185313514,90197.41274291348,0.30684157498765013,15546.594977101133,0.0965442882571857,0.09810246403297643,0,False,False,False,False,True
686.9404780575716,79665.22807890896,0.3322310734635909,17549.828820986608,0.0902176764920149,0.21879954691229264,1,True,False,False,False,False
750.7578310438296,63839.15963623679,0.4834162111695038,22982.274176982526,0.09172087762784432,0.22373139326904676,1,False,False,False,True,False
684.0511088846065,79852.24982245768,0.3609402907547548,19334.913067634472,0.040205836150667515,0.21346006633880066,0,True,False,False,False,False
803.6448754929193,101840.7937464943,0.3645955294859559,3000.0,0.11141953119864345,0.08236029755147169,0,False,True,False,False,False
785.3204505465923,49337.1175147235,0.42870088047717625,33974.923073410406,0.1150876997728332,0.14228497727848835,0,False,False,False,False,True
665.0621510912556,78324.2418536719,0.25620567245485376,12127.083691122321,0.07311827767795917,0.23694868947453804,1,False,False,False,False,False
738.2942570572613,57496.97962652067,0.19929483991931923,27870.962369333796,0.07869569150558413,0.1120561153238557,0,False,False,False,False,True
718.7225569751089,104876.16572312106,0.17462289671747597,49888.99203699968,0.034066774923328325,0.16116598104252142,0,False,False,False,False,False
762.117893451941,36920.32738040563,0.06403720927487978,13967.38490096292,0.09542764268053505,0.062086501105633525,0,True,False,False,False,False
622.1045923651938,61026.95381821029,0.5467448555928386,3000.0,0.09716172325142432,0.44702491500666497,1,True,False,False,False,False
721.1630875999064,84430.29687661302,0.16761499611339803,21567.94933743867,0.07813426949002067,0.14276513311391004,0,False,False,False,True,False
743.5054692109753,114138.10073085851,0.27344956516970736,38211.515619982856,0.11373060079611508,0.15082772101210637,0,False,False,False,False,True
574.4756308146132,73356.2434731753,0.26678240401332953,48500.169450647125,0.06997768307060179,0.5167773105491965,1,False,False,True,False,False
609.0044892400535,61120.01183267005,0.33688880373709207,10245.404866570998,0.09693817777680801,0.36945529747561756,0,True,False,False,False,False
557.6460693343939,122028.92673601475,0.39788846550471557,30960.39067883826,0.049410069839236535,0.5488671558632807,1,True,False,False,False,False
663.8355899333266,38799.6524895939,0.4032568186031694,19416.27451863936,0.07929343547377286,0.34340186139756246,1,False,False,False,True,False
723.0525353477577,20029.85108449795,0.23003070737172737,23728.61974835037,0.07476937226291493,0.15526963824474146,1,False,False,False,False,False
770.1414231257617,86000.3612513333,0.2799453943456306,56732.12016420442,0.08675923766122824,0.16466058525871877,0,False,False,False,True,False
684.4456868251865,62448.644391184724,0.33390959405859594,6964.356059258162,0.06891419213499925,0.1925855326645177,0,False,False,False,False,True
777.7169327342775,49469.179571732166,0.27015706485797436,28044.87593793488,0.07605582212984997,0.09594106636367469,0,False,True,False,False,False
597.1939125071065,92708.91118248383,0.4928814691223991,30612.318061185197,0.1047814151432452,0.5574284415573239,1,False,True,False,False,False
577.7970536386907,81095.01784427997,0.3589169941965901,38029.43589927217,0.06689707288285347,0.5499101141115164,1,False,False,False,False,False
676.6671380662028,60898.03423158179,0.38818533432597807,26175.797841650747,0.031802686977839625,0.24618902492898243,1,True,False,False,False,False
703.0439269363584,42992.39003322764,0.3795457522400895,28696.606474049226,0.1324875171261626,0.2896372920713486,0,False,False,False,False,False
678.0383151143544,96811.43320700362,0.44081686289823896,20300.21719093851,0.1214436223607146,0.3119522829390454,0,True,False,False,False,False
555.9534739976074,91255.02944896652,0.32172258704444484,28229.52329494129,0.04123211914683144,0.4926913501083088,0,True,False,False,False,False
674.6527976292327,72520.60340551543,0.1443801662452984,20881.692694031073,0.10069123415735583,0.17877238153935315,1,False,True,False,False,False
601.7318299697088,121165.92490119164,0.34796255421031697,32458.86267827261,0.06491075688345971,0.46802095803096705,1,False,False,False,False,False
720.1803529298023,48247.880841846185,0.22183717274498052,20564.675967476393,0.08790461645993179,0.16412510417648957,1,False,False,False,True,False
701.9958947658109,36861.87072688153,0.23656599819002916,29525.204726826236,0.08882672387040481,0.17554723004975895,0,True,False,False,False,False
623.6072128203587,57702.29825296889,0.37036368225061117,24648.84623578026,0.07296776599051034,0.40256927008482474,0,False,False,True,False,False
649.1679849597983,73860.34959111255,0.44859396857203626,38512.603009266015,0.056487030032408105,0.4096027548047375,0,False,False,True,False,False
616.4471886866629,81083.48623306729,0.3025525892083274,24383.275316938165,0.059283768430512224,0.39259759517232423,1,False,False,False,True,False
676.2392541636096,68969.09855359176,0.3370599615118756,3723.610381517423,0.05251424253556273,0.2184087145060423,0,False,False,True,False,False
737.3085392300743,83801.38491285742,0.5042657933562286,40143.0580085679,0.05504533375308666,0.2234185994784156,0,False,False,False,False,True
620.8564372198674,43711.51439523889,0.32889038153862815,14131.212389648574,0.07798465129851935,0.3337945682214962,0,True,False,False,False,False
710.2427909310707,111094.11510183148,0.6122019737016474,17154.80393621416,0.05852720032667745,0.337424365262327,0,False,False,False,True,False
648.1845428976535,72946.22054018578,0.3678611574757853,17852.064471478094,0.1004615619713786,0.35840647788400054,0,False,False,False,False,False
632.4276300642593,102932.3957897032,0.08870846890130188,41493.257118049805,0.12461738466007782,0.270177854977299,0,True,False,False,False,False
673.5781784027265,83568.13365944261,0.3904009945325439,3000.0,0.06259840275889872,0.2705203610164657,1,False,False,False,True,False
617.8854606548375,86418.8304788446,0.34573900618593334,62652.98240391994,0.08718213501606131,0.4809015808283643,0,False,True,False,False,False
646.7810416791691,89244.1820058051,0.4547703304899295,37672.681708792625,0.09499055330908802,0.45780407476716867,0,False,False,False,False,False
608.127326444669,86192.71400043287,0.380781762152395,27678.866969549916,0.09416006812757824,0.4452084186729071,0,False,True,False,False,False
797.8835079749833,91068.0689966886,0.2833852819219471,24341.271992604565,0.08227865803748262,0.07870140516817581,0,True,False,False,False,False
682.1158131183037,108228.81325331079,0.1530842116452761,28426.64889829188,0.10228047255079166,0.20630563936911897,0,False,False,False,False,False
638.0164695204448,79913.02924253675,0.27491720912567696,31253.46914055206,0.09446746858041971,0.34368065588646357,0,False,False,True,False,False
692.8387946440533,92725.09393971281,0.19793754549488402,32742.587031400686,0.04287012733018107,0.19348729014649474,0,False,False,False,True,False
673.2603170185503,72756.60764281933,0.23033718602343325,31667.253592041383,0.1060746819316782,0.23114385417586797,0,True,False,False,False,False
666.7418240280066,111002.93038623683,0.37062940853047316,26074.968175062986,0.10661872511800226,0.29728944298529686,0,False,False,False,False,True
716.8500020026055,58090.19244851826,0.5003885405221687,22631.938956312086,0.057101416874642555,0.2650459002366672,0,False,False,False,False,False
725.4504626028383,120023.51082277039,0.3473605835787577,23184.72059615786,0.08113813506342807,0.19610135483470617,0,False,False,False,False,False
648.1699311433683,73996.05123389141,0.15649403255577787,22661.100635767827,0.10049986978433208,0.22402657081366983,0,True,False,False,False,False
645.4509055613192,39230.622447048794,0.3533523201864169,38605.241162404775,0.07372058541261915,0.34436229134886476,0,True,False,False,False,False
663.4968981709013,78202.61037276973,0.4435957783974781,32122.680667370343,0.11218934143298036,0.3732768083112545,0,False,True,False,False,False
541.884730115865,57973.70856312798,0.22682605148167412,3000.0,0.15091617483858083,0.5202305373640999,1,False,False,True,False,False
589.0885362680868,96016.08872471811,0.28391793999924986,32870.80931835713,0.05642041902095053,0.41748139061865863,0,False,True,False,False,False
762.0124560466714,58684.40051744022,0.30176258336750367,27336.8343366253,0.038568661905386756,0.10653403096172391,0,False,True,False,False,False
778.698062810077,63845.41416963051,0.20581220243013118,24775.49492264923,0.08911455786814627,0.09051594038722939,0,False,False,True,False,False
665.0578376266174,27761.481726361726,0.3777936520612631,20337.77856293337,0.1016468751537843,0.28950777832302227,1,False,False,False,False,True
714.593417783346,63692.34201877308,0.2854862221670662,38489.35263983216,0.07307400878465693,0.185714110401237,0,False,True,False,False,False
698.6750092726122,20000.0,0.3503438932688433,36370.317545474296,0.12359781989963103,0.2637838530082088,0,False,True,False,False,False
850.0,35402.429412856916,0.19350093866374798,15725.467986116691,0.03984182600830254,0.037707207879510415,0,False,False,False,False,False
747.1744946860746,94010.36640360743,0.24750500396119074,29884.62744549442,0.10078755869094834,0.1416353166612071,0,False,False,True,False,False
672.3249445111541,94645.0039662708,0.38668576293933254,13340.119185504569,0.0618241753772332,0.29159268460336957,0,False,False,False,True,False
622.6675735639744,85636.43904462412,0.25526002174898793,8444.582022532837,0.1315813371862189,0.308032040201887,0,False,False,False,False,True
583.6132207845457,50825.596421769675,0.5072356621480086,17479.393304920417,0.13977546059504356,0.5808046093574687,1,False,False,False,False,True
692.2078181520334,73807.2160964505,0.2520436577262477,35348.721668593105,0.05700030236649956,0.2112377091504424,0,False,False,True,False,False
634.6189552829418,74909.93652273579,0.3269621670902263,36437.50054451304,0.0635132859227426,0.3421181362261929,1,True,False,False,False,False
594.6647774241395,46040.88277018644,0.41191089982477075,31157.025041167515,0.10578763660939405,0.5080149722774878,0,True,False,False,False,False
641.2056269454484,112584.95754417876,0.1297961120480362,33701.14944217596,0.06838608050631456,0.26011012598726924,0,False,False,False,False,False
615.1071197831363,96934.05726439178,0.08870294256230689,31194.1394453795,0.07863766346203285,0.2928754349602854,0,False,False,False,False,False
781.2284981043539,69475.8956542584,0.11692124225158862,17302.220857324573,0.0807616526162723,0.06570147023112878,0,False,False,True,False,False
732.898385416967,75672.14597486326,0.45151009241126183,30183.07053608729,0.022409805314070313,0.20896945300006517,0,False,False,False,False,False
679.521641521003,80209.57019868882,0.23377702249290638,34604.91430273219,0.07958486761717289,0.20982673705079016,0,False,False,False,False,True
768.7966483334015,23956.628289392735,0.6069839142801903,34051.49595776289,0.05930816677807478,0.20553260922473254,1,False,False,False,False,True
684.642098458857,68820.56543698508,0.23229028816111336,39266.96045769571,0.06520631532800684,0.24464000018338972,0,False,False,False,True,False
628.3229479203042,57950.39380005503,0.3221461563836444,33499.646166412764,0.12330896010406442,0.38866180519578736,0,True,False,False,False,False
771.3874446361795,49959.49975262711,0.4850531943081451,29217.378490498995,0.042304793171622314,0.16353559472422133,0,False,False,True,False,False
712.3346026210795,67972.49267785113,0.5407311465790947,37841.80285979713,0.10439615560243933,0.3252141123656522,0,False,True,False,False,False
617.7652307404126,119942.16317123806,0.5473804291963678,24681.74488901128,0.07163111209004575,0.49312782047101833,1,True,False,False,False,False
668.5796793149835,91021.07153167525,0.44500394767117707,14417.504185267382,0.07160719494512496,0.29644375965914266,0,False,True,False,False,False
627.4629047969146,60720.52525543008,0.4228875030973755,23043.196432674835,0.10371115688155134,0.4685802412826243,0,False,False,False,True,False
597.0320161421398,89314.56953390397,0.37110323390414196,16061.168262322612,0.09020153883706672,0.48466836345143105,0,False,False,False,True,False
